sample_id,product_name,manufacturer_name,manufacturer_address,net_quantity,unit_of_measurement,mrp_declaration,mrp_value_rupees,packing_date,consumer_care_phone,consumer_care_email,country_of_origin,unit_sale_price,label_readability,product_category,compliance_status,compliance_score,violations_count,violation_labels
SIH26034-00001,Whole Wheat Atta,Marico Limited,"7th Floor, Grande Palladium, 175, CST Road, Santacruz (E), Mumbai - 400098",68N,N,Rs. 579.99 (Incl. of all taxes),579.99,06/2023,1800-123-4567,care@company.in,India,Rs. 8.53 per N,GOOD,Household Cleaning,COMPLIANT,100,0,None
SIH26034-00002,Kissan Mixed Fruit Jam,Procter & Gamble,"P&G Plaza, Cardinal Gracias Road, Chakala, Andheri East, Mumbai - 400099",5m,m,Rs. 143.09 (Incl. of all taxes),143.09,05/2025,1800-120-3345,support@india.com,India,Rs. 28.62 per m,MODERATE,Personal Care,COMPLIANT,100,0,None
SIH26034-00003,Lipton Green Tea,Amul (GCMMF),"P.O. Box 10, Amul Dairy Road, Anand, Gujarat - 388001",2l,l,Rs. 1169.0 (Incl. of all taxes),1169.0,06/2023,1800-120-3345,support@india.com,Made in India,Rs. 584.5 per l,GOOD,Food & Beverages,COMPLIANT,100,0,None
SIH26034-00004,,Nestle India Ltd,100/101,25N,N,Rs. 569.6,569.6,,1800-425-6789,grievance@brand.in,India,Rs. 22.78 per N,GOOD,Dairy Products,NON_COMPLIANT,30,4,LM-PC-005: MRP missing 'inclusive of all taxes' phrase; LM-PC-003: Incomplete address (no PIN/State); LM-PC-001: Missing product name; LM-PC-006: Missing packing/manufacturing date
SIH26034-00005,Whole Wheat Atta,Amul (GCMMF),"P.O. Box 10, Amul Dairy Road, Anand, Gujarat - 388001",98m,m,Rs. 38.15 (Incl. of all taxes),38.15,08/2024,1800-425-6789,grievance@brand.in,Made in India,Rs. 0.39 per m,MODERATE,Health & Nutrition,COMPLIANT,100,0,None
SIH26034-00006,Kwality Wall's Ice Cream,ITC Limited,"ITC Limited, Virginia House, 37, J.L. Nehru Road, Kolkata - 700071",5kg,kg,Rs. 858.49 (Incl. of all taxes),858.49,10/2024,1800-120-3345,support@india.com,India,Rs. 171.7 per kg,GOOD,Dairy Products,COMPLIANT,100,0,None
SIH26034-00007,Lipton Green Tea,KRBL Limited,"KRBL Ltd., Post Box No. 3, 5, Community Centre, New Delhi - 110017",500l,l,Rs. 230.35 (Incl. of all taxes),230.35,01/2024,1800-425-6789,grievance@brand.in,India,Rs. 0.46 per l,GOOD,Food & Beverages,COMPLIANT,100,0,None
SIH26034-00008,Tang Orange Drink Mix,Marico Limited,"7th Floor, Grande Palladium, 175, CST Road, Santacruz (E), Mumbai - 400098",1ml,ml,Rs. 431.7,431.7,06/2024,1800-120-3345,support@india.com,Made in India,Rs. 431.7 per ml,GOOD,Food & Beverages,NON_COMPLIANT,80,1,LM-PC-005: MRP missing 'inclusive of all taxes' phrase
SIH26034-00009,Hajmola Digestive Tablets,Dabur India Ltd,"Dabur India Ltd., 8/3, Asaf Ali Road, New Delhi - 110002",1000g,g,Rs. 511.78 (Incl. of all taxes),511.78,08/2024,1800-123-4567,care@company.in,Made in India,Rs. 0.51 per g,POOR,Personal Care,COMPLIANT,100,0,None
SIH26034-00010,Kissan Mixed Fruit Jam,Hindustan Unilever Ltd,Unilever House,750ml,ml,Rs. 1098.15 (Incl. of all taxes),1098.15,04/2025,1800-120-3345,support@india.com,India,Rs. 1.46 per ml,GOOD,Household Cleaning,NON_COMPLIANT,85,1,LM-PC-003: Incomplete address (no PIN/State)
SIH26034-00011,,Marico Limited,"7th Floor, Grande Palladium, 175, CST Road, Santacruz (E), Mumbai - 400098",1l,l,Rs. 303.82 (Incl. of all taxes),303.82,05/2023,1800-425-6789,grievance@brand.in,India,Rs. 303.82 per l,MODERATE,Household Cleaning,NON_COMPLIANT,80,1,LM-PC-001: Missing product name
SIH26034-00012,Surf Excel Easy Wash,Tata Consumer Products,"1 Bishop Lefroy Road, Kolkata, West Bengal - 700020",2l,l,Rs. 146.4 (Incl. of all taxes),146.4,,1800-123-4567,care@company.in,India,Rs. 73.2 per l,POOR,Personal Care,NON_COMPLIANT,85,1,LM-PC-006: Missing packing/manufacturing date
SIH26034-00013,Head & Shoulders Shampoo,Procter & Gamble,"P&G Plaza, Cardinal Gracias Road, Chakala, Andheri East, Mumbai - 400099",100l,l,Rs. 520.13,520.13,05/2024,1800-123-4567,care@company.in,India,Rs. 5.2 per l,MODERATE,Food & Beverages,NON_COMPLIANT,80,1,LM-PC-005: MRP missing 'inclusive of all taxes' phrase
SIH26034-00014,Amul Butter,Dabur India Ltd,"Dabur India Ltd., 8/3, Asaf Ali Road, New Delhi - 110002",750l,l,Rs. 799.4 (Incl. of all taxes),799.4,,1800-123-4567,care@company.in,India,Rs. 1.07 per l,MODERATE,Food & Beverages,NON_COMPLIANT,85,1,LM-PC-006: Missing packing/manufacturing date
SIH26034-00015,Colgate MaxFresh Toothpaste,Hindustan Unilever Ltd,"Unilever House, B.D. Sawant Marg, Chakala, Andheri (E), Mumbai - 400099",83m,m,Rs. 1150.49 (Incl. of all taxes),1150.49,04/2025,,,India,Rs. 13.86 per m,GOOD,Personal Care,NON_COMPLIANT,85,1,LM-PC-007: Missing consumer care contact
SIH26034-00016,Refined Sunflower Oil,Hindustan Unilever Ltd,"Unilever House, B.D. Sawant Marg, Chakala, Andheri (E), Mumbai - 400099",500l,l,Rs. 140.06 (Incl. of all taxes),140.06,10/2024,1800-123-4567,care@company.in,India,Rs. 0.28 per l,MODERATE,Household Cleaning,COMPLIANT,100,0,None
SIH26034-00017,Head & Shoulders Shampoo,ITC Limited,"ITC Limited, Virginia House, 37, J.L. Nehru Road, Kolkata - 700071",66N,N,Rs. 34.48 (Incl. of all taxes),34.48,08/2024,1800-425-6789,grievance@brand.in,Made in India,,GOOD,Food & Beverages,NON_COMPLIANT,90,1,LM-PC-009: Missing unit sale price
SIH26034-00018,Nescafe Classic Coffee,Parle Products Pvt. Ltd.,"Parle Products, V.J.T.I. Campus, Matunga, Mumbai - 400019",47m,m,Rs. 516.74 (Incl. of all taxes),516.74,01/2023,1800-123-4567,care@company.in,,Rs. 10.99 per m,GOOD,Personal Care,NON_COMPLIANT,85,1,LM-PC-008: Missing country of origin
SIH26034-00019,Mother Dairy Dahi,Parle Products Pvt. Ltd.,Parle Products,200kg,kg,Rs. 908.67 (Incl. of all taxes),908.67,05/2025,1800-425-6789,grievance@brand.in,India,Rs. 4.54 per kg,MODERATE,Food & Beverages,NON_COMPLIANT,85,1,LM-PC-003: Incomplete address (no PIN/State)
SIH26034-00020,Maggi 2-Minute Noodles,ITC Limited,"ITC Limited, Virginia House, 37, J.L. Nehru Road, Kolkata - 700071",86N,N,Rs. 297.04 (Incl. of all taxes),297.04,05/2024,1800-120-3345,support@india.com,India,Rs. 3.45 per N,GOOD,Food & Beverages,COMPLIANT,100,0,None
SIH26034-00021,Dettol Original Soap,Procter & Gamble,P&G Plaza,100ml,ml,Rs. 780.39 (Incl. of all taxes),780.39,10/2024,1800-120-3345,support@india.com,India,Rs. 7.8 per ml,POOR,Personal Care,NON_COMPLIANT,85,1,LM-PC-003: Incomplete address (no PIN/State)
SIH26034-00022,Hajmola Digestive Tablets,KRBL Limited,"KRBL Ltd., Post Box No. 3, 5, Community Centre, New Delhi - 110017",750l,l,Rs. 329.27 (Incl. of all taxes),329.27,10/2023,1800-425-6789,grievance@brand.in,India,Rs. 0.44 per l,MODERATE,Personal Care,COMPLIANT,100,0,None
SIH26034-00023,Amul Pure Milk,Marico Limited,"7th Floor, Grande Palladium, 175, CST Road, Santacruz (E), Mumbai - 400098",200g,g,Rs. 229.97 (Incl. of all taxes),229.97,,1800-120-3345,support@india.com,India,Rs. 1.15 per g,MODERATE,Household Cleaning,NON_COMPLIANT,85,1,LM-PC-006: Missing packing/manufacturing date
SIH26034-00024,Head & Shoulders Shampoo,Procter & Gamble,"P&G Plaza, Cardinal Gracias Road, Chakala, Andheri East, Mumbai - 400099",500ml,ml,Rs. 263.27 (Incl. of all taxes),263.27,12/2024,1800-267-8900,consumer@brand.com,India,Rs. 0.53 per ml,GOOD,Household Cleaning,COMPLIANT,100,0,None
SIH26034-00025,Saffola Active Oil,Parle Products Pvt. Ltd.,"Parle Products, V.J.T.I. Campus, Matunga, Mumbai - 400019",2ml,ml,Rs. 288.19 (Incl. of all taxes),288.19,07/2023,1800-120-3345,support@india.com,India,Rs. 144.09 per ml,GOOD,Health & Nutrition,COMPLIANT,100,0,None
SIH26034-00026,Lipton Green Tea,Procter & Gamble,"P&G Plaza, Cardinal Gracias Road, Chakala, Andheri East, Mumbai - 400099",65N,N,Rs. 659.74 (Incl. of all taxes),659.74,07/2024,1800-120-3345,support@india.com,India,Rs. 10.15 per N,POOR,Food & Beverages,NON_COMPLIANT,90,1,LM-PC-010: Poor label readability
SIH26034-00027,Surf Excel Easy Wash,Hindustan Unilever Ltd,Unilever House,68m,m,Rs. 810.54 (Incl. of all taxes),810.54,11/2023,,,,Rs. 11.92 per m,MODERATE,Health & Nutrition,NON_COMPLIANT,55,3,LM-PC-007: Missing consumer care contact; LM-PC-003: Incomplete address (no PIN/State); LM-PC-008: Missing country of origin
SIH26034-00028,Whole Wheat Atta,Britannia Industries Ltd,"No. 5/1A, Hungerford Street, Kolkata, West Bengal - 700017",500kg,kg,Rs. 240.4 (Incl. of all taxes),240.4,05/2023,1800-123-4567,care@company.in,India,Rs. 0.48 per kg,MODERATE,Household Cleaning,COMPLIANT,100,0,None
SIH26034-00029,,Hindustan Unilever Ltd,"Unilever House, B.D. Sawant Marg, Chakala, Andheri (E), Mumbai - 400099",49N,N,Rs. 919.0 (Incl. of all taxes),919.0,04/2024,1800-120-3345,support@india.com,India,Rs. 18.76 per N,GOOD,Health & Nutrition,NON_COMPLIANT,80,1,LM-PC-001: Missing product name
SIH26034-00030,Saffola Active Oil,KRBL Limited,"KRBL Ltd., Post Box No. 3, 5, Community Centre, New Delhi - 110017",34N,N,Rs. 1155.6 (Incl. of all taxes),1155.6,02/2023,1800-120-3345,support@india.com,India,Rs. 33.99 per N,GOOD,Food & Beverages,COMPLIANT,100,0,None
SIH26034-00031,Mother Dairy Dahi,Adani Wilmar Ltd,"Fortune House, Near Navrangpura Bus Stop, Ahmedabad, Gujarat - 380009",51N,N,Rs. 46.96 (Incl. of all taxes),46.96,08/2024,1800-267-8900,consumer@brand.com,Made in India,Rs. 0.92 per N,POOR,Health & Nutrition,COMPLIANT,100,0,None
SIH26034-00032,Dabur Honey,Amul (GCMMF),"P.O. Box 10, Amul Dairy Road, Anand, Gujarat - 388001",250kg,kg,Rs. 669.21 (Incl. of all taxes),669.21,01/2024,1800-267-8900,consumer@brand.com,India,Rs. 2.68 per kg,MODERATE,Dairy Products,COMPLIANT,100,0,None
SIH26034-00033,Mother Dairy Dahi,Britannia Industries Ltd,"No. 5/1A, Hungerford Street, Kolkata, West Bengal - 700017",250kg,kg,Rs. 661.39 (Incl. of all taxes),661.39,04/2023,1800-425-6789,grievance@brand.in,Made in India,Rs. 2.65 per kg,POOR,Food & Beverages,NON_COMPLIANT,90,1,LM-PC-010: Poor label readability
SIH26034-00034,Dettol Original Soap,,"1 Bishop Lefroy Road, Kolkata, West Bengal - 700020",5g,g,Rs. 1024.34 (Incl. of all taxes),1024.34,05/2025,1800-425-6789,grievance@brand.in,Manufactured in India,Rs. 204.87 per g,POOR,Household Cleaning,NON_COMPLIANT,85,1,LM-PC-002: Missing manufacturer name
SIH26034-00035,Britannia Good Day Cookies,,"Dabur India Ltd., 8/3, Asaf Ali Road, New Delhi - 110002",2ml,ml,Rs. 601.45 (Incl. of all taxes),601.45,11/2024,1800-123-4567,care@company.in,India,Rs. 300.73 per ml,MODERATE,Household Cleaning,NON_COMPLIANT,85,1,LM-PC-002: Missing manufacturer name
SIH26034-00036,Maggi 2-Minute Noodles,Adani Wilmar Ltd,"Fortune House, Near Navrangpura Bus Stop, Ahmedabad, Gujarat - 380009",5g,g,Rs. 499.09 (Incl. of all taxes),499.09,08/2024,1800-123-4567,care@company.in,India,Rs. 99.82 per g,MODERATE,Dairy Products,COMPLIANT,100,0,None
SIH26034-00037,MDH Garam Masala,KRBL Limited,"KRBL Ltd., Post Box No. 3, 5, Community Centre, New Delhi - 110017",750ml,ml,Rs. 848.04 (Incl. of all taxes),848.04,03/2023,1800-120-3345,support@india.com,Manufactured in India,Rs. 1.13 per ml,GOOD,Personal Care,COMPLIANT,100,0,None
SIH26034-00038,Glucon-D Nimbu Pani,Nestle India Ltd,"100/101, World Trade Centre, Barakhamba Lane, New Delhi - 110001",250g,g,Rs. 484.8 (Incl. of all taxes),484.8,08/2023,1800-123-4567,care@company.in,India,,MODERATE,Household Cleaning,NON_COMPLIANT,90,1,LM-PC-009: Missing unit sale price
SIH26034-00039,Amul Butter,Hindustan Unilever Ltd,"Unilever House, B.D. Sawant Marg, Chakala, Andheri (E), Mumbai - 400099",250kg,kg,Rs. 366.05 (Incl. of all taxes),366.05,07/2023,1800-120-3345,support@india.com,India,Rs. 1.46 per kg,GOOD,Dairy Products,COMPLIANT,100,0,None
SIH26034-00040,Maggi 2-Minute Noodles,Procter & Gamble,"P&G Plaza, Cardinal Gracias Road, Chakala, Andheri East, Mumbai - 400099",750l,l,Rs. 406.4 (Incl. of all taxes),406.4,04/2023,,,,Rs. 0.54 per l,GOOD,Personal Care,NON_COMPLIANT,70,2,LM-PC-007: Missing consumer care contact; LM-PC-008: Missing country of origin
SIH26034-00041,Parle-G Biscuits,Parle Products Pvt. Ltd.,"Parle Products, V.J.T.I. Campus, Matunga, Mumbai - 400019",7N,N,Rs. 115.67 (Incl. of all taxes),115.67,,1800-120-3345,support@india.com,Made in India,Rs. 16.52 per N,GOOD,Household Cleaning,NON_COMPLIANT,85,1,LM-PC-006: Missing packing/manufacturing date
SIH26034-00042,Kwality Wall's Ice Cream,Tata Consumer Products,1 Bishop Lefroy Road,100l,l,Rs. 1026.2 (Incl. of all taxes),1026.2,08/2023,1800-120-3345,support@india.com,India,Rs. 10.26 per l,MODERATE,Health & Nutrition,NON_COMPLIANT,85,1,LM-PC-003: Incomplete address (no PIN/State)
SIH26034-00043,Colgate MaxFresh Toothpaste,Tata Consumer Products,"1 Bishop Lefroy Road, Kolkata, West Bengal - 700020",17m,m,Rs. 365.35 (Incl. of all taxes),365.35,07/2023,1800-120-3345,support@india.com,India,Rs. 21.49 per m,MODERATE,Health & Nutrition,COMPLIANT,100,0,None
SIH26034-00044,Kwality Wall's Ice Cream,Adani Wilmar Ltd,"Fortune House, Near Navrangpura Bus Stop, Ahmedabad, Gujarat - 380009",74N,N,Rs. 433.09 (Incl. of all taxes),433.09,03/2024,1800-425-6789,grievance@brand.in,India,,GOOD,Household Cleaning,NON_COMPLIANT,90,1,LM-PC-009: Missing unit sale price
SIH26034-00045,Saffola Active Oil,Tata Consumer Products,"1 Bishop Lefroy Road, Kolkata, West Bengal - 700020",2ml,ml,Rs. 484.01 (Incl. of all taxes),484.01,10/2024,1800-120-3345,support@india.com,India,Rs. 242.0 per ml,GOOD,Personal Care,COMPLIANT,100,0,None
SIH26034-00046,Vim Dishwash Bar,KRBL Limited,"KRBL Ltd., Post Box No. 3, 5, Community Centre, New Delhi - 110017",5g,g,Rs. 501.81,501.81,02/2025,1800-120-3345,support@india.com,Manufactured in India,Rs. 100.36 per g,MODERATE,Dairy Products,NON_COMPLIANT,80,1,LM-PC-005: MRP missing 'inclusive of all taxes' phrase
SIH26034-00047,Surf Excel Easy Wash,Dabur India Ltd,"Dabur India Ltd., 8/3, Asaf Ali Road, New Delhi - 110002",2l,l,Rs. 329.65 (Incl. of all taxes),329.65,03/2025,1800-123-4567,care@company.in,Made in India,Rs. 164.82 per l,POOR,Household Cleaning,COMPLIANT,100,0,None
SIH26034-00048,Premium Basmati Rice,Dabur India Ltd,Dabur India Ltd.,250kg,kg,Rs. 734.37 (Incl. of all taxes),734.37,08/2023,1800-425-6789,grievance@brand.in,India,Rs. 2.94 per kg,GOOD,Food & Beverages,NON_COMPLIANT,85,1,LM-PC-003: Incomplete address (no PIN/State)
SIH26034-00049,Britannia Good Day Cookies,KRBL Limited,"KRBL Ltd., Post Box No. 3, 5, Community Centre, New Delhi - 110017",200kg,kg,Rs. 504.36 (Incl. of all taxes),504.36,02/2024,1800-120-3345,support@india.com,India,Rs. 2.52 per kg,POOR,Health & Nutrition,COMPLIANT,100,0,None
SIH26034-00050,Ariel Matic Detergent,Nestle India Ltd,"100/101, World Trade Centre, Barakhamba Lane, New Delhi - 110001",500ml,ml,Rs. 900.57 (Incl. of all taxes),900.57,03/2025,1800-425-6789,grievance@brand.in,India,Rs. 1.8 per ml,POOR,Food & Beverages,NON_COMPLIANT,90,1,LM-PC-010: Poor label readability
SIH26034-00051,Dettol Original Soap,,"Dabur India Ltd., 8/3, Asaf Ali Road, New Delhi - 110002",33m,m,Rs. 315.96 (Incl. of all taxes),315.96,11/2024,1800-267-8900,consumer@brand.com,India,Rs. 9.57 per m,GOOD,Personal Care,NON_COMPLIANT,85,1,LM-PC-002: Missing manufacturer name
SIH26034-00052,Hajmola Digestive Tablets,,"100/101, World Trade Centre, Barakhamba Lane, New Delhi - 110001",1l,l,Rs. 1135.1 (Incl. of all taxes),1135.1,11/2023,1800-267-8900,consumer@brand.com,India,Rs. 1135.1 per l,MODERATE,Household Cleaning,NON_COMPLIANT,85,1,LM-PC-002: Missing manufacturer name
SIH26034-00053,Parle-G Biscuits,Tata Consumer Products,"1 Bishop Lefroy Road, Kolkata, West Bengal - 700020",1l,l,Rs. 972.51 (Incl. of all taxes),972.51,04/2023,1800-267-8900,consumer@brand.com,India,Rs. 972.51 per l,GOOD,Health & Nutrition,COMPLIANT,100,0,None
SIH26034-00054,Refined Sunflower Oil,ITC Limited,"ITC Limited, Virginia House, 37, J.L. Nehru Road, Kolkata - 700071",500kg,kg,Rs. 167.14 (Incl. of all taxes),167.14,07/2024,1800-123-4567,care@company.in,Made in India,Rs. 0.33 per kg,GOOD,Health & Nutrition,COMPLIANT,100,0,None
SIH26034-00055,Tata Salt (Iodized),KRBL Limited,"KRBL Ltd., Post Box No. 3, 5, Community Centre, New Delhi - 110017",500kg,kg,Rs. 914.23 (Incl. of all taxes),914.23,04/2024,1800-425-6789,grievance@brand.in,Manufactured in India,,POOR,Household Cleaning,NON_COMPLIANT,90,1,LM-PC-009: Missing unit sale price
SIH26034-00056,Amul Butter,Hindustan Unilever Ltd,"Unilever House, B.D. Sawant Marg, Chakala, Andheri (E), Mumbai - 400099",250g,g,Rs. 481.78 (Incl. of all taxes),481.78,07/2024,1800-123-4567,care@company.in,India,Rs. 1.93 per g,GOOD,Household Cleaning,COMPLIANT,100,0,None
SIH26034-00057,,KRBL Limited,"KRBL Ltd., Post Box No. 3, 5, Community Centre, New Delhi - 110017",100kg,kg,Rs. 383.24 (Incl. of all taxes),383.24,07/2024,1800-267-8900,consumer@brand.com,Manufactured in India,Rs. 3.83 per kg,MODERATE,Dairy Products,NON_COMPLIANT,80,1,LM-PC-001: Missing product name
SIH26034-00058,Nescafe Classic Coffee,,"ITC Limited, Virginia House, 37, J.L. Nehru Road, Kolkata - 700071",25N,N,Rs. 873.63 (Incl. of all taxes),873.63,02/2023,1800-120-3345,support@india.com,India,Rs. 34.95 per N,GOOD,Health & Nutrition,NON_COMPLIANT,85,1,LM-PC-002: Missing manufacturer name
SIH26034-00059,Mother Dairy Dahi,,"ITC Limited, Virginia House, 37, J.L. Nehru Road, Kolkata - 700071",57m,m,Rs. 1049.01 (Incl. of all taxes),1049.01,06/2023,1800-123-4567,care@company.in,Manufactured in India,Rs. 18.4 per m,GOOD,Health & Nutrition,NON_COMPLIANT,85,1,LM-PC-002: Missing manufacturer name
SIH26034-00060,Head & Shoulders Shampoo,Tata Consumer Products,"1 Bishop Lefroy Road, Kolkata, West Bengal - 700020",500l,l,Rs. 757.7 (Incl. of all taxes),757.7,03/2024,1800-120-3345,support@india.com,Made in India,Rs. 1.52 per l,GOOD,Personal Care,COMPLIANT,100,0,None
SIH26034-00061,Parle-G Biscuits,Britannia Industries Ltd,No. 5/1A,250g,g,Rs. 771.87 (Incl. of all taxes),771.87,01/2024,1800-120-3345,support@india.com,,Rs. 3.09 per g,POOR,Dairy Products,NON_COMPLIANT,70,2,LM-PC-008: Missing country of origin; LM-PC-003: Incomplete address (no PIN/State)
SIH26034-00062,Fortified Cow Ghee,Britannia Industries Ltd,"No. 5/1A, Hungerford Street, Kolkata, West Bengal - 700017",47N,N,Rs. 1064.26 (Incl. of all taxes),1064.26,08/2024,1800-120-3345,support@india.com,Manufactured in India,Rs. 22.64 per N,GOOD,Food & Beverages,COMPLIANT,100,0,None
SIH26034-00063,Nescafe Classic Coffee,Britannia Industries Ltd,"No. 5/1A, Hungerford Street, Kolkata, West Bengal - 700017",500kilos,kilos,Rs. 375.67 (Incl. of all taxes),375.67,04/2023,1800-267-8900,consumer@brand.com,India,Rs. 0.75 per g,GOOD,Food & Beverages,NON_COMPLIANT,80,1,LM-PC-004: Non-standard unit 'kilos'
SIH26034-00064,Whole Wheat Atta,Procter & Gamble,"P&G Plaza, Cardinal Gracias Road, Chakala, Andheri East, Mumbai - 400099",500kg,kg,Rs. 923.85 (Incl. of all taxes),923.85,09/2024,1800-120-3345,support@india.com,Manufactured in India,Rs. 1.85 per kg,GOOD,Dairy Products,COMPLIANT,100,0,None
SIH26034-00065,Amul Butter,Adani Wilmar Ltd,"Fortune House, Near Navrangpura Bus Stop, Ahmedabad, Gujarat - 380009",1000g,g,Rs. 1115.73 (Incl. of all taxes),1115.73,11/2024,1800-123-4567,care@company.in,Made in India,Rs. 1.12 per g,MODERATE,Household Cleaning,COMPLIANT,100,0,None
SIH26034-00066,Tang Orange Drink Mix,,"100/101, World Trade Centre, Barakhamba Lane, New Delhi - 110001",84m,m,Rs. 185.82 (Incl. of all taxes),185.82,06/2023,1800-425-6789,grievance@brand.in,India,Rs. 2.21 per m,GOOD,Food & Beverages,NON_COMPLIANT,85,1,LM-PC-002: Missing manufacturer name
SIH26034-00067,Ariel Matic Detergent,,"Parle Products, V.J.T.I. Campus, Matunga, Mumbai - 400019",5g,g,Rs. 293.2 (Incl. of all taxes),293.2,10/2023,1800-123-4567,care@company.in,Made in India,Rs. 58.64 per g,GOOD,Health & Nutrition,NON_COMPLIANT,85,1,LM-PC-002: Missing manufacturer name
SIH26034-00068,Lipton Green Tea,Britannia Industries Ltd,"No. 5/1A, Hungerford Street, Kolkata, West Bengal - 700017",39N,N,Rs. 1002.96 (Incl. of all taxes),1002.96,10/2023,1800-120-3345,support@india.com,India,Rs. 25.72 per N,GOOD,Personal Care,COMPLIANT,100,0,None
SIH26034-00069,Hajmola Digestive Tablets,Amul (GCMMF),"P.O. Box 10, Amul Dairy Road, Anand, Gujarat - 388001",750l,l,Rs. 590.49 (Incl. of all taxes),590.49,12/2023,1800-267-8900,consumer@brand.com,India,Rs. 0.79 per l,MODERATE,Health & Nutrition,COMPLIANT,100,0,None
SIH26034-00070,,KRBL Limited,"KRBL Ltd., Post Box No. 3, 5, Community Centre, New Delhi - 110017",63N,N,Rs. 1198.7 (Incl. of all taxes),1198.7,06/2025,1800-120-3345,support@india.com,Made in India,Rs. 19.03 per N,GOOD,Household Cleaning,NON_COMPLIANT,80,1,LM-PC-001: Missing product name
SIH26034-00071,,KRBL Limited,"KRBL Ltd., Post Box No. 3, 5, Community Centre, New Delhi - 110017",250g,g,Rs. 237.29 (Incl. of all taxes),237.29,09/2024,1800-425-6789,grievance@brand.in,India,Rs. 0.95 per g,MODERATE,Dairy Products,NON_COMPLIANT,80,1,LM-PC-001: Missing product name
SIH26034-00072,Maggi 2-Minute Noodles,Amul (GCMMF),"P.O. Box 10, Amul Dairy Road, Anand, Gujarat - 388001",500lts,lts,Rs. 681.43,681.43,07/2024,1800-267-8900,consumer@brand.com,India,Rs. 1.36 per g,POOR,Household Cleaning,NON_COMPLIANT,60,2,LM-PC-005: MRP missing 'inclusive of all taxes' phrase; LM-PC-004: Non-standard unit 'lts'
SIH26034-00073,Kwality Wall's Ice Cream,Parle Products Pvt. Ltd.,"Parle Products, V.J.T.I. Campus, Matunga, Mumbai - 400019",13N,N,Rs. 732.43,732.43,03/2025,1800-120-3345,support@india.com,India,Rs. 56.34 per N,GOOD,Health & Nutrition,NON_COMPLIANT,80,1,LM-PC-005: MRP missing 'inclusive of all taxes' phrase
SIH26034-00074,Horlicks Original,Amul (GCMMF),"P.O. Box 10, Amul Dairy Road, Anand, Gujarat - 388001",68N,N,Rs. 1144.9 (Incl. of all taxes),1144.9,01/2023,1800-120-3345,support@india.com,India,Rs. 16.84 per N,POOR,Personal Care,COMPLIANT,100,0,None
SIH26034-00075,Bournvita Health Drink,Marico Limited,"7th Floor, Grande Palladium, 175, CST Road, Santacruz (E), Mumbai - 400098",500kg,kg,Rs. 405.89 (Incl. of all taxes),405.89,08/2024,1800-120-3345,support@india.com,India,Rs. 0.81 per kg,GOOD,Health & Nutrition,COMPLIANT,100,0,None
SIH26034-00076,Tata Salt (Iodized),Adani Wilmar Ltd,"Fortune House, Near Navrangpura Bus Stop, Ahmedabad, Gujarat - 380009",500kg,kg,Rs. 155.37 (Incl. of all taxes),155.37,09/2024,1800-120-3345,support@india.com,India,Rs. 0.31 per kg,POOR,Dairy Products,COMPLIANT,100,0,None
SIH26034-00077,MDH Garam Masala,Procter & Gamble,"P&G Plaza, Cardinal Gracias Road, Chakala, Andheri East, Mumbai - 400099",55N,N,Rs. 644.14 (Incl. of all taxes),644.14,02/2025,1800-120-3345,support@india.com,India,Rs. 11.71 per N,POOR,Dairy Products,COMPLIANT,100,0,None
SIH26034-00078,Tang Orange Drink Mix,ITC Limited,"ITC Limited, Virginia House, 37, J.L. Nehru Road, Kolkata - 700071",90N,N,Rs. 245.41 (Incl. of all taxes),245.41,01/2024,1800-425-6789,grievance@brand.in,Manufactured in India,Rs. 2.73 per N,MODERATE,Health & Nutrition,COMPLIANT,100,0,None
SIH26034-00079,Whole Wheat Atta,KRBL Limited,"KRBL Ltd., Post Box No. 3, 5, Community Centre, New Delhi - 110017",750ml,ml,Rs. 206.47 (Incl. of all taxes),206.47,07/2024,1800-267-8900,consumer@brand.com,Manufactured in India,Rs. 0.28 per ml,MODERATE,Household Cleaning,COMPLIANT,100,0,None
SIH26034-00080,Nescafe Classic Coffee,ITC Limited,"ITC Limited, Virginia House, 37, J.L. Nehru Road, Kolkata - 700071",100kg,kg,Rs. 180.35 (Incl. of all taxes),180.35,11/2024,1800-120-3345,support@india.com,India,Rs. 1.8 per kg,POOR,Food & Beverages,COMPLIANT,100,0,None
SIH26034-00081,Bournvita Health Drink,Amul (GCMMF),"P.O. Box 10, Amul Dairy Road, Anand, Gujarat - 388001",35m,m,Rs. 997.91,997.91,01/2023,1800-123-4567,care@company.in,Made in India,Rs. 28.51 per m,GOOD,Health & Nutrition,NON_COMPLIANT,80,1,LM-PC-005: MRP missing 'inclusive of all taxes' phrase
SIH26034-00082,Kissan Mixed Fruit Jam,Procter & Gamble,"P&G Plaza, Cardinal Gracias Road, Chakala, Andheri East, Mumbai - 400099",750l,l,Rs. 721.13 (Incl. of all taxes),721.13,06/2024,1800-123-4567,care@company.in,India,Rs. 0.96 per l,GOOD,Health & Nutrition,COMPLIANT,100,0,None
SIH26034-00083,Saffola Active Oil,Tata Consumer Products,"1 Bishop Lefroy Road, Kolkata, West Bengal - 700020",87m,m,Rs. 618.65 (Incl. of all taxes),618.65,05/2025,1800-120-3345,support@india.com,India,Rs. 7.11 per m,POOR,Food & Beverages,COMPLIANT,100,0,None
SIH26034-00084,Vim Dishwash Bar,KRBL Limited,"KRBL Ltd., Post Box No. 3, 5, Community Centre, New Delhi - 110017",250kg,kg,Rs. 661.52 (Incl. of all taxes),661.52,08/2024,1800-123-4567,care@company.in,Manufactured in India,Rs. 2.65 per kg,POOR,Food & Beverages,COMPLIANT,100,0,None
SIH26034-00085,Glucon-D Nimbu Pani,Procter & Gamble,"P&G Plaza, Cardinal Gracias Road, Chakala, Andheri East, Mumbai - 400099",100kg,kg,Rs. 976.62 (Incl. of all taxes),976.62,01/2025,1800-425-6789,grievance@brand.in,Manufactured in India,Rs. 9.77 per kg,POOR,Health & Nutrition,NON_COMPLIANT,90,1,LM-PC-010: Poor label readability
SIH26034-00086,Britannia Good Day Cookies,,"Dabur India Ltd., 8/3, Asaf Ali Road, New Delhi - 110002",250kg,kg,Rs. 1045.33 (Incl. of all taxes),1045.33,11/2023,1800-267-8900,consumer@brand.com,,Rs. 4.18 per kg,GOOD,Dairy Products,NON_COMPLIANT,70,2,LM-PC-002: Missing manufacturer name; LM-PC-008: Missing country of origin
SIH26034-00087,Head & Shoulders Shampoo,Marico Limited,"7th Floor, Grande Palladium, 175, CST Road, Santacruz (E), Mumbai - 400098",1000g,g,Rs. 303.33 (Incl. of all taxes),303.33,02/2024,,,India,Rs. 0.3 per g,POOR,Household Cleaning,NON_COMPLIANT,85,1,LM-PC-007: Missing consumer care contact
SIH26034-00088,Britannia Good Day Cookies,Dabur India Ltd,"Dabur India Ltd., 8/3, Asaf Ali Road, New Delhi - 110002",200g,g,Rs. 68.68 (Incl. of all taxes),68.68,12/2024,1800-425-6789,grievance@brand.in,Made in India,Rs. 0.34 per g,GOOD,Dairy Products,COMPLIANT,100,0,None
SIH26034-00089,Colgate MaxFresh Toothpaste,Amul (GCMMF),"P.O. Box 10, Amul Dairy Road, Anand, Gujarat - 388001",100kg,kg,Rs. 951.59 (Incl. of all taxes),951.59,01/2024,1800-267-8900,consumer@brand.com,India,Rs. 9.52 per kg,POOR,Food & Beverages,COMPLIANT,100,0,None
SIH26034-00090,,Nestle India Ltd,100/101,100l,l,Rs. 340.35 (Incl. of all taxes),340.35,03/2023,1800-120-3345,support@india.com,Made in India,Rs. 3.4 per l,MODERATE,Food & Beverages,NON_COMPLIANT,65,2,LM-PC-001: Missing product name; LM-PC-003: Incomplete address (no PIN/State)
SIH26034-00091,Kissan Mixed Fruit Jam,Parle Products Pvt. Ltd.,"Parle Products, V.J.T.I. Campus, Matunga, Mumbai - 400019",500kg,kg,Rs. 853.53 (Incl. of all taxes),853.53,06/2024,,,India,Rs. 1.71 per kg,POOR,Food & Beverages,NON_COMPLIANT,85,1,LM-PC-007: Missing consumer care contact
SIH26034-00092,Refined Sunflower Oil,Adani Wilmar Ltd,"Fortune House, Near Navrangpura Bus Stop, Ahmedabad, Gujarat - 380009",54N,N,Rs. 269.93 (Incl. of all taxes),269.93,,1800-123-4567,care@company.in,Manufactured in India,Rs. 5.0 per N,GOOD,Food & Beverages,NON_COMPLIANT,85,1,LM-PC-006: Missing packing/manufacturing date
SIH26034-00093,Bournvita Health Drink,Dabur India Ltd,"Dabur India Ltd., 8/3, Asaf Ali Road, New Delhi - 110002",85m,m,Rs. 265.06 (Incl. of all taxes),265.06,03/2023,1800-123-4567,care@company.in,India,Rs. 3.12 per m,GOOD,Food & Beverages,COMPLIANT,100,0,None
SIH26034-00094,Colgate MaxFresh Toothpaste,ITC Limited,"ITC Limited, Virginia House, 37, J.L. Nehru Road, Kolkata - 700071",200g,g,Rs. 815.13 (Incl. of all taxes),815.13,02/2024,1800-123-4567,care@company.in,Made in India,Rs. 4.08 per g,GOOD,Personal Care,COMPLIANT,100,0,None
SIH26034-00095,Amul Pure Milk,ITC Limited,"ITC Limited, Virginia House, 37, J.L. Nehru Road, Kolkata - 700071",2ml,ml,Rs. 731.72 (Incl. of all taxes),731.72,12/2023,1800-267-8900,consumer@brand.com,India,Rs. 365.86 per ml,GOOD,Food & Beverages,COMPLIANT,100,0,None
SIH26034-00096,Tang Orange Drink Mix,Parle Products Pvt. Ltd.,"Parle Products, V.J.T.I. Campus, Matunga, Mumbai - 400019",500ml,ml,Rs. 960.43 (Incl. of all taxes),960.43,10/2023,1800-425-6789,grievance@brand.in,India,Rs. 1.92 per ml,POOR,Personal Care,COMPLIANT,100,0,None
SIH26034-00097,Dettol Original Soap,Hindustan Unilever Ltd,"Unilever House, B.D. Sawant Marg, Chakala, Andheri (E), Mumbai - 400099",100l,l,Rs. 1181.57 (Incl. of all taxes),1181.57,,1800-123-4567,care@company.in,India,Rs. 11.82 per l,GOOD,Household Cleaning,NON_COMPLIANT,85,1,LM-PC-006: Missing packing/manufacturing date
SIH26034-00098,Head & Shoulders Shampoo,KRBL Limited,"KRBL Ltd., Post Box No. 3, 5, Community Centre, New Delhi - 110017",100l,l,Rs. 556.31 (Incl. of all taxes),556.31,07/2024,1800-267-8900,consumer@brand.com,Made in India,Rs. 5.56 per l,MODERATE,Health & Nutrition,COMPLIANT,100,0,None
SIH26034-00099,Bournvita Health Drink,Marico Limited,"7th Floor, Grande Palladium, 175, CST Road, Santacruz (E), Mumbai - 400098",1000gms,gms,Rs. 1002.93 (Incl. of all taxes),1002.93,02/2024,1800-425-6789,grievance@brand.in,Manufactured in India,Rs. 1.0 per g,GOOD,Personal Care,NON_COMPLIANT,80,1,LM-PC-004: Non-standard unit 'gms'
SIH26034-00100,Tang Orange Drink Mix,Procter & Gamble,"P&G Plaza, Cardinal Gracias Road, Chakala, Andheri East, Mumbai - 400099",500g,g,Rs. 426.44 (Incl. of all taxes),426.44,11/2024,1800-123-4567,care@company.in,Made in India,Rs. 0.85 per g,GOOD,Dairy Products,COMPLIANT,100,0,None
SIH26034-00101,Nescafe Classic Coffee,Nestle India Ltd,"100/101, World Trade Centre, Barakhamba Lane, New Delhi - 110001",750ml,ml,Rs. 571.24 (Incl. of all taxes),571.24,12/2023,1800-123-4567,care@company.in,Made in India,Rs. 0.76 per ml,GOOD,Food & Beverages,COMPLIANT,100,0,None
SIH26034-00102,Tang Orange Drink Mix,Dabur India Ltd,"Dabur India Ltd., 8/3, Asaf Ali Road, New Delhi - 110002",5g,g,Rs. 294.65 (Incl. of all taxes),294.65,01/2024,1800-123-4567,care@company.in,India,Rs. 58.93 per g,POOR,Health & Nutrition,NON_COMPLIANT,90,1,LM-PC-010: Poor label readability
SIH26034-00103,Dettol Original Soap,Hindustan Unilever Ltd,"Unilever House, B.D. Sawant Marg, Chakala, Andheri (E), Mumbai - 400099",750l,l,Rs. 42.46 (Incl. of all taxes),42.46,06/2024,1800-425-6789,grievance@brand.in,India,Rs. 0.06 per l,MODERATE,Health & Nutrition,COMPLIANT,100,0,None
SIH26034-00104,Horlicks Original,Britannia Industries Ltd,"No. 5/1A, Hungerford Street, Kolkata, West Bengal - 700017",15N,N,Rs. 1181.32 (Incl. of all taxes),1181.32,01/2024,1800-120-3345,support@india.com,India,Rs. 78.75 per N,POOR,Household Cleaning,COMPLIANT,100,0,None
SIH26034-00105,Head & Shoulders Shampoo,Hindustan Unilever Ltd,"Unilever House, B.D. Sawant Marg, Chakala, Andheri (E), Mumbai - 400099",2ml,ml,Rs. 486.82 (Incl. of all taxes),486.82,01/2025,1800-123-4567,care@company.in,India,Rs. 243.41 per ml,MODERATE,Personal Care,COMPLIANT,100,0,None
SIH26034-00106,Tang Orange Drink Mix,Procter & Gamble,"P&G Plaza, Cardinal Gracias Road, Chakala, Andheri East, Mumbai - 400099",750l,l,Rs. 1067.39,1067.39,12/2023,1800-267-8900,consumer@brand.com,India,Rs. 1.42 per l,MODERATE,Dairy Products,NON_COMPLIANT,80,1,LM-PC-005: MRP missing 'inclusive of all taxes' phrase
SIH26034-00107,Surf Excel Easy Wash,,"Fortune House, Near Navrangpura Bus Stop, Ahmedabad, Gujarat - 380009",100ml,ml,Rs. 68.61 (Incl. of all taxes),68.61,08/2024,,,,Rs. 0.69 per ml,POOR,Household Cleaning,NON_COMPLIANT,55,3,LM-PC-002: Missing manufacturer name; LM-PC-007: Missing consumer care contact; LM-PC-008: Missing country of origin
SIH26034-00108,Britannia Good Day Cookies,Amul (GCMMF),"P.O. Box 10, Amul Dairy Road, Anand, Gujarat - 388001",14m,m,Rs. 336.87 (Incl. of all taxes),336.87,09/2024,1800-120-3345,support@india.com,Made in India,,POOR,Dairy Products,NON_COMPLIANT,90,1,LM-PC-009: Missing unit sale price
SIH26034-00109,Maggi 2-Minute Noodles,Hindustan Unilever Ltd,"Unilever House, B.D. Sawant Marg, Chakala, Andheri (E), Mumbai - 400099",1000kg,kg,Rs. 450.89 (Incl. of all taxes),450.89,03/2024,1800-120-3345,support@india.com,,Rs. 0.45 per kg,MODERATE,Personal Care,NON_COMPLIANT,85,1,LM-PC-008: Missing country of origin
SIH26034-00110,,Adani Wilmar Ltd,"Fortune House, Near Navrangpura Bus Stop, Ahmedabad, Gujarat - 380009",750l,l,Rs. 356.54 (Incl. of all taxes),356.54,04/2025,1800-425-6789,grievance@brand.in,Manufactured in India,Rs. 0.48 per l,POOR,Household Cleaning,NON_COMPLIANT,80,1,LM-PC-001: Missing product name
SIH26034-00111,Head & Shoulders Shampoo,Parle Products Pvt. Ltd.,"Parle Products, V.J.T.I. Campus, Matunga, Mumbai - 400019",13N,N,Rs. 1198.17 (Incl. of all taxes),1198.17,03/2023,1800-123-4567,care@company.in,India,Rs. 92.17 per N,POOR,Food & Beverages,COMPLIANT,100,0,None
SIH26034-00112,Vim Dishwash Bar,Amul (GCMMF),"P.O. Box 10, Amul Dairy Road, Anand, Gujarat - 388001",200g,g,Rs. 125.27 (Incl. of all taxes),125.27,02/2024,1800-425-6789,grievance@brand.in,India,Rs. 0.63 per g,GOOD,Health & Nutrition,COMPLIANT,100,0,None
SIH26034-00113,Refined Sunflower Oil,,"Unilever House, B.D. Sawant Marg, Chakala, Andheri (E), Mumbai - 400099",78m,m,Rs. 755.01 (Incl. of all taxes),755.01,12/2023,1800-267-8900,consumer@brand.com,India,Rs. 9.68 per m,POOR,Personal Care,NON_COMPLIANT,85,1,LM-PC-002: Missing manufacturer name
SIH26034-00114,MDH Garam Masala,Amul (GCMMF),"P.O. Box 10, Amul Dairy Road, Anand, Gujarat - 388001",750ml,ml,Rs. 157.18 (Incl. of all taxes),157.18,,1800-120-3345,support@india.com,India,Rs. 0.21 per ml,MODERATE,Personal Care,NON_COMPLIANT,85,1,LM-PC-006: Missing packing/manufacturing date
SIH26034-00115,Kwality Wall's Ice Cream,Parle Products Pvt. Ltd.,"Parle Products, V.J.T.I. Campus, Matunga, Mumbai - 400019",100lts,lts,Rs. 1028.71 (Incl. of all taxes),1028.71,12/2024,1800-425-6789,grievance@brand.in,India,Rs. 10.29 per kg,GOOD,Personal Care,NON_COMPLIANT,80,1,LM-PC-004: Non-standard unit 'lts'
SIH26034-00116,Fortune Chana Dal,Britannia Industries Ltd,"No. 5/1A, Hungerford Street, Kolkata, West Bengal - 700017",100ml,ml,Rs. 801.11 (Incl. of all taxes),801.11,01/2025,1800-120-3345,support@india.com,Made in India,Rs. 8.01 per ml,GOOD,Food & Beverages,COMPLIANT,100,0,None
SIH26034-00117,,Procter & Gamble,"P&G Plaza, Cardinal Gracias Road, Chakala, Andheri East, Mumbai - 400099",1ml,ml,Rs. 155.58 (Incl. of all taxes),155.58,02/2024,1800-267-8900,consumer@brand.com,Manufactured in India,Rs. 155.58 per ml,POOR,Dairy Products,NON_COMPLIANT,70,2,LM-PC-001: Missing product name; LM-PC-010: Poor label readability
SIH26034-00118,Amul Pure Milk,Nestle India Ltd,"100/101, World Trade Centre, Barakhamba Lane, New Delhi - 110001",44N,N,Rs. 806.8 (Incl. of all taxes),806.8,01/2023,1800-425-6789,grievance@brand.in,Made in India,Rs. 18.34 per N,MODERATE,Personal Care,COMPLIANT,100,0,None
SIH26034-00119,Hajmola Digestive Tablets,Hindustan Unilever Ltd,"Unilever House, B.D. Sawant Marg, Chakala, Andheri (E), Mumbai - 400099",2Liters,Liters,Rs. 809.53 (Incl. of all taxes),809.53,12/2024,1800-425-6789,grievance@brand.in,India,Rs. 404.76 per ml,POOR,Personal Care,NON_COMPLIANT,80,1,LM-PC-004: Non-standard unit 'Liters'
SIH26034-00120,Amul Butter,Nestle India Ltd,"100/101, World Trade Centre, Barakhamba Lane, New Delhi - 110001",32N,N,Rs. 333.05 (Incl. of all taxes),333.05,04/2025,1800-425-6789,grievance@brand.in,Manufactured in India,Rs. 10.41 per N,GOOD,Health & Nutrition,COMPLIANT,100,0,None
SIH26034-00121,Saffola Active Oil,Procter & Gamble,"P&G Plaza, Cardinal Gracias Road, Chakala, Andheri East, Mumbai - 400099",5g,g,Rs. 570.67 (Incl. of all taxes),570.67,11/2023,,,India,Rs. 114.13 per g,GOOD,Household Cleaning,NON_COMPLIANT,85,1,LM-PC-007: Missing consumer care contact
SIH26034-00122,Maggi 2-Minute Noodles,Procter & Gamble,"P&G Plaza, Cardinal Gracias Road, Chakala, Andheri East, Mumbai - 400099",500g,g,Rs. 968.98 (Incl. of all taxes),968.98,10/2023,1800-123-4567,care@company.in,India,Rs. 1.94 per g,GOOD,Household Cleaning,COMPLIANT,100,0,None
SIH26034-00123,,Dabur India Ltd,"Dabur India Ltd., 8/3, Asaf Ali Road, New Delhi - 110002",750ml,ml,Rs. 930.62 (Incl. of all taxes),930.62,12/2023,1800-267-8900,consumer@brand.com,India,Rs. 1.24 per ml,POOR,Dairy Products,NON_COMPLIANT,80,1,LM-PC-001: Missing product name
SIH26034-00124,Kwality Wall's Ice Cream,Marico Limited,"7th Floor, Grande Palladium, 175, CST Road, Santacruz (E), Mumbai - 400098",100kg,kg,Rs. 366.6 (Incl. of all taxes),366.6,08/2024,1800-425-6789,grievance@brand.in,India,Rs. 3.67 per kg,POOR,Dairy Products,COMPLIANT,100,0,None
SIH26034-00125,Saffola Active Oil,Hindustan Unilever Ltd,"Unilever House, B.D. Sawant Marg, Chakala, Andheri (E), Mumbai - 400099",200lts,lts,Rs. 242.83,242.83,10/2023,1800-120-3345,support@india.com,,Rs. 1.21 per l,POOR,Household Cleaning,NON_COMPLIANT,45,3,LM-PC-005: MRP missing 'inclusive of all taxes' phrase; LM-PC-004: Non-standard unit 'lts'; LM-PC-008: Missing country of origin
SIH26034-00126,Head & Shoulders Shampoo,Marico Limited,"7th Floor, Grande Palladium, 175, CST Road, Santacruz (E), Mumbai - 400098",61m,m,Rs. 665.84 (Incl. of all taxes),665.84,02/2025,1800-120-3345,support@india.com,India,Rs. 10.92 per m,POOR,Dairy Products,COMPLIANT,100,0,None
SIH26034-00127,Kwality Wall's Ice Cream,ITC Limited,"ITC Limited, Virginia House, 37, J.L. Nehru Road, Kolkata - 700071",100g,g,Rs. 1028.55 (Incl. of all taxes),1028.55,01/2024,1800-267-8900,consumer@brand.com,India,Rs. 10.29 per g,GOOD,Food & Beverages,COMPLIANT,100,0,None
SIH26034-00128,Whole Wheat Atta,Tata Consumer Products,"1 Bishop Lefroy Road, Kolkata, West Bengal - 700020",1l,l,Rs. 597.72 (Incl. of all taxes),597.72,10/2024,1800-123-4567,care@company.in,India,Rs. 597.72 per l,GOOD,Health & Nutrition,COMPLIANT,100,0,None
SIH26034-00129,Mother Dairy Dahi,,"Fortune House, Near Navrangpura Bus Stop, Ahmedabad, Gujarat - 380009",250GMS,GMS,Rs. 325.21 (Incl. of all taxes),325.21,12/2024,1800-425-6789,grievance@brand.in,,Rs. 1.3 per g,MODERATE,Health & Nutrition,NON_COMPLIANT,50,3,LM-PC-008: Missing country of origin; LM-PC-004: Non-standard unit 'GMS'; LM-PC-002: Missing manufacturer name
SIH26034-00130,MDH Garam Masala,ITC Limited,"ITC Limited, Virginia House, 37, J.L. Nehru Road, Kolkata - 700071",1ml,ml,Rs. 1053.53 (Incl. of all taxes),1053.53,05/2023,1800-123-4567,care@company.in,,Rs. 1053.53 per ml,POOR,Dairy Products,NON_COMPLIANT,85,1,LM-PC-008: Missing country of origin
SIH26034-00131,Saffola Active Oil,Tata Consumer Products,"1 Bishop Lefroy Road, Kolkata, West Bengal - 700020",52N,N,Rs. 1029.53 (Incl. of all taxes),1029.53,04/2025,1800-267-8900,consumer@brand.com,India,Rs. 19.8 per N,MODERATE,Dairy Products,COMPLIANT,100,0,None
SIH26034-00132,Bournvita Health Drink,KRBL Limited,"KRBL Ltd., Post Box No. 3, 5, Community Centre, New Delhi - 110017",750l,l,Rs. 629.97 (Incl. of all taxes),629.97,10/2023,1800-123-4567,care@company.in,India,Rs. 0.84 per l,GOOD,Household Cleaning,COMPLIANT,100,0,None
SIH26034-00133,Bournvita Health Drink,Britannia Industries Ltd,"No. 5/1A, Hungerford Street, Kolkata, West Bengal - 700017",500l,l,Rs. 39.72 (Incl. of all taxes),39.72,,1800-120-3345,support@india.com,India,Rs. 0.08 per l,POOR,Health & Nutrition,NON_COMPLIANT,85,1,LM-PC-006: Missing packing/manufacturing date
SIH26034-00134,Bournvita Health Drink,Britannia Industries Ltd,"No. 5/1A, Hungerford Street, Kolkata, West Bengal - 700017",500ml,ml,Rs. 498.89 (Incl. of all taxes),498.89,11/2024,1800-123-4567,care@company.in,India,Rs. 1.0 per ml,GOOD,Health & Nutrition,COMPLIANT,100,0,None
SIH26034-00135,Whole Wheat Atta,Tata Consumer Products,"1 Bishop Lefroy Road, Kolkata, West Bengal - 700020",250g,g,Rs. 388.98 (Incl. of all taxes),388.98,06/2024,1800-123-4567,care@company.in,India,Rs. 1.56 per g,POOR,Personal Care,NON_COMPLIANT,90,1,LM-PC-010: Poor label readability
SIH26034-00136,Tata Salt (Iodized),Britannia Industries Ltd,"No. 5/1A, Hungerford Street, Kolkata, West Bengal - 700017",100ml,ml,Rs. 1080.29 (Incl. of all taxes),1080.29,01/2024,1800-123-4567,care@company.in,India,Rs. 10.8 per ml,GOOD,Personal Care,COMPLIANT,100,0,None
SIH26034-00137,Nescafe Classic Coffee,Procter & Gamble,"P&G Plaza, Cardinal Gracias Road, Chakala, Andheri East, Mumbai - 400099",63m,m,Rs. 775.41 (Incl. of all taxes),775.41,04/2024,1800-120-3345,support@india.com,India,Rs. 12.31 per m,GOOD,Household Cleaning,COMPLIANT,100,0,None
SIH26034-00138,Tata Salt (Iodized),Procter & Gamble,"P&G Plaza, Cardinal Gracias Road, Chakala, Andheri East, Mumbai - 400099",500ml,ml,Rs. 1016.77,1016.77,04/2023,1800-267-8900,consumer@brand.com,India,Rs. 2.03 per ml,GOOD,Health & Nutrition,NON_COMPLIANT,80,1,LM-PC-005: MRP missing 'inclusive of all taxes' phrase
SIH26034-00139,Surf Excel Easy Wash,ITC Limited,"ITC Limited, Virginia House, 37, J.L. Nehru Road, Kolkata - 700071",500g,g,Rs. 71.58 (Incl. of all taxes),71.58,10/2024,1800-267-8900,consumer@brand.com,India,,POOR,Household Cleaning,NON_COMPLIANT,90,1,LM-PC-009: Missing unit sale price
SIH26034-00140,Head & Shoulders Shampoo,Hindustan Unilever Ltd,"Unilever House, B.D. Sawant Marg, Chakala, Andheri (E), Mumbai - 400099",85N,N,Rs. 369.76 (Incl. of all taxes),369.76,04/2023,1800-123-4567,care@company.in,Manufactured in India,Rs. 4.35 per N,GOOD,Household Cleaning,COMPLIANT,100,0,None
SIH26034-00141,Surf Excel Easy Wash,Dabur India Ltd,"Dabur India Ltd., 8/3, Asaf Ali Road, New Delhi - 110002",200l,l,Rs. 538.96 (Incl. of all taxes),538.96,06/2024,1800-120-3345,support@india.com,India,Rs. 2.69 per l,MODERATE,Dairy Products,COMPLIANT,100,0,None
SIH26034-00142,Tang Orange Drink Mix,ITC Limited,"ITC Limited, Virginia House, 37, J.L. Nehru Road, Kolkata - 700071",2l,l,Rs. 1196.76 (Incl. of all taxes),1196.76,05/2025,1800-267-8900,consumer@brand.com,Manufactured in India,Rs. 598.38 per l,GOOD,Health & Nutrition,COMPLIANT,100,0,None
SIH26034-00143,Kwality Wall's Ice Cream,Tata Consumer Products,"1 Bishop Lefroy Road, Kolkata, West Bengal - 700020",5kg,kg,Rs. 116.45 (Incl. of all taxes),116.45,02/2024,1800-123-4567,care@company.in,Made in India,Rs. 23.29 per kg,MODERATE,Dairy Products,COMPLIANT,100,0,None
SIH26034-00144,Saffola Active Oil,Procter & Gamble,"P&G Plaza, Cardinal Gracias Road, Chakala, Andheri East, Mumbai - 400099",22N,N,Rs. 865.43 (Incl. of all taxes),865.43,12/2024,1800-120-3345,support@india.com,India,Rs. 39.34 per N,POOR,Household Cleaning,NON_COMPLIANT,90,1,LM-PC-010: Poor label readability
SIH26034-00145,Nescafe Classic Coffee,Marico Limited,"7th Floor, Grande Palladium, 175, CST Road, Santacruz (E), Mumbai - 400098",40m,m,Rs. 1126.53 (Incl. of all taxes),1126.53,07/2024,1800-267-8900,consumer@brand.com,,Rs. 28.16 per m,MODERATE,Health & Nutrition,NON_COMPLIANT,85,1,LM-PC-008: Missing country of origin
SIH26034-00146,Fortune Chana Dal,Amul (GCMMF),"P.O. Box 10, Amul Dairy Road, Anand, Gujarat - 388001",250g,g,Rs. 432.47 (Incl. of all taxes),432.47,04/2025,1800-120-3345,support@india.com,India,Rs. 1.73 per g,POOR,Food & Beverages,NON_COMPLIANT,90,1,LM-PC-010: Poor label readability
SIH26034-00147,Amul Butter,Parle Products Pvt. Ltd.,"Parle Products, V.J.T.I. Campus, Matunga, Mumbai - 400019",79Kgs,Kgs,Rs. 277.54 (Incl. of all taxes),277.54,02/2023,1800-123-4567,care@company.in,India,Rs. 3.51 per N,POOR,Dairy Products,NON_COMPLIANT,80,1,LM-PC-004: Non-standard unit 'Kgs'
SIH26034-00148,Fortune Chana Dal,Parle Products Pvt. Ltd.,"Parle Products, V.J.T.I. Campus, Matunga, Mumbai - 400019",100kg,kg,Rs. 893.38 (Incl. of all taxes),893.38,09/2023,1800-123-4567,care@company.in,Made in India,Rs. 8.93 per kg,POOR,Health & Nutrition,COMPLIANT,100,0,None
SIH26034-00149,MDH Garam Masala,Marico Limited,"7th Floor, Grande Palladium, 175, CST Road, Santacruz (E), Mumbai - 400098",1000g,g,Rs. 898.78 (Incl. of all taxes),898.78,03/2023,1800-425-6789,grievance@brand.in,India,,GOOD,Food & Beverages,NON_COMPLIANT,90,1,LM-PC-009: Missing unit sale price
SIH26034-00150,Amul Pure Milk,Adani Wilmar Ltd,"Fortune House, Near Navrangpura Bus Stop, Ahmedabad, Gujarat - 380009",75N,N,Rs. 522.69 (Incl. of all taxes),522.69,02/2024,1800-120-3345,support@india.com,Manufactured in India,Rs. 6.97 per N,GOOD,Personal Care,COMPLIANT,100,0,None
SIH26034-00151,Dettol Original Soap,KRBL Limited,"KRBL Ltd., Post Box No. 3, 5, Community Centre, New Delhi - 110017",5kg,kg,Rs. 785.42 (Incl. of all taxes),785.42,02/2023,1800-123-4567,care@company.in,India,Rs. 157.08 per kg,GOOD,Dairy Products,COMPLIANT,100,0,None
SIH26034-00152,Ariel Matic Detergent,Adani Wilmar Ltd,"Fortune House, Near Navrangpura Bus Stop, Ahmedabad, Gujarat - 380009",22N,N,Rs. 973.72 (Incl. of all taxes),973.72,01/2025,1800-267-8900,consumer@brand.com,,Rs. 44.26 per N,MODERATE,Personal Care,NON_COMPLIANT,85,1,LM-PC-008: Missing country of origin
SIH26034-00153,Refined Sunflower Oil,ITC Limited,"ITC Limited, Virginia House, 37, J.L. Nehru Road, Kolkata - 700071",250g,g,Rs. 897.34,897.34,04/2025,1800-123-4567,care@company.in,India,Rs. 3.59 per g,GOOD,Food & Beverages,NON_COMPLIANT,80,1,LM-PC-005: MRP missing 'inclusive of all taxes' phrase
SIH26034-00154,Kissan Mixed Fruit Jam,Marico Limited,"7th Floor, Grande Palladium, 175, CST Road, Santacruz (E), Mumbai - 400098",80N,N,Rs. 801.67 (Incl. of all taxes),801.67,12/2023,1800-123-4567,care@company.in,India,Rs. 10.02 per N,GOOD,Personal Care,COMPLIANT,100,0,None
SIH26034-00155,Whole Wheat Atta,Hindustan Unilever Ltd,"Unilever House, B.D. Sawant Marg, Chakala, Andheri (E), Mumbai - 400099",5kg,kg,Rs. 964.68 (Incl. of all taxes),964.68,06/2024,1800-123-4567,care@company.in,India,Rs. 192.94 per kg,POOR,Personal Care,COMPLIANT,100,0,None
SIH26034-00156,Britannia Good Day Cookies,Dabur India Ltd,"Dabur India Ltd., 8/3, Asaf Ali Road, New Delhi - 110002",2l,l,Rs. 483.82 (Incl. of all taxes),483.82,04/2024,1800-267-8900,consumer@brand.com,Manufactured in India,Rs. 241.91 per l,GOOD,Household Cleaning,COMPLIANT,100,0,None
SIH26034-00157,Tata Salt (Iodized),Adani Wilmar Ltd,"Fortune House, Near Navrangpura Bus Stop, Ahmedabad, Gujarat - 380009",75m,m,Rs. 258.4 (Incl. of all taxes),258.4,05/2024,1800-425-6789,grievance@brand.in,India,Rs. 3.45 per m,GOOD,Household Cleaning,COMPLIANT,100,0,None
SIH26034-00158,Hajmola Digestive Tablets,Britannia Industries Ltd,"No. 5/1A, Hungerford Street, Kolkata, West Bengal - 700017",67m,m,Rs. 604.57 (Incl. of all taxes),604.57,10/2023,1800-267-8900,consumer@brand.com,India,Rs. 9.02 per m,POOR,Household Cleaning,NON_COMPLIANT,90,1,LM-PC-010: Poor label readability
SIH26034-00159,MDH Garam Masala,ITC Limited,"ITC Limited, Virginia House, 37, J.L. Nehru Road, Kolkata - 700071",56N,N,Rs. 189.61 (Incl. of all taxes),189.61,04/2023,1800-120-3345,support@india.com,India,,GOOD,Personal Care,NON_COMPLIANT,90,1,LM-PC-009: Missing unit sale price
SIH26034-00160,Fortified Cow Ghee,Marico Limited,"7th Floor, Grande Palladium, 175, CST Road, Santacruz (E), Mumbai - 400098",250kg,kg,Rs. 890.25 (Incl. of all taxes),890.25,01/2025,1800-267-8900,consumer@brand.com,India,Rs. 3.56 per kg,POOR,Dairy Products,COMPLIANT,100,0,None
SIH26034-00161,Ariel Matic Detergent,,"P&G Plaza, Cardinal Gracias Road, Chakala, Andheri East, Mumbai - 400099",1000kg,kg,Rs. 610.22 (Incl. of all taxes),610.22,12/2023,1800-425-6789,grievance@brand.in,India,Rs. 0.61 per kg,GOOD,Personal Care,NON_COMPLIANT,85,1,LM-PC-002: Missing manufacturer name
SIH26034-00162,Tang Orange Drink Mix,Hindustan Unilever Ltd,Unilever House,100g,g,Rs. 328.38 (Incl. of all taxes),328.38,04/2024,1800-123-4567,care@company.in,India,Rs. 3.28 per g,GOOD,Household Cleaning,NON_COMPLIANT,85,1,LM-PC-003: Incomplete address (no PIN/State)
SIH26034-00163,Premium Basmati Rice,Dabur India Ltd,"Dabur India Ltd., 8/3, Asaf Ali Road, New Delhi - 110002",5kg,kg,Rs. 23.52 (Incl. of all taxes),23.52,10/2024,1800-267-8900,consumer@brand.com,Made in India,Rs. 4.7 per kg,GOOD,Dairy Products,COMPLIANT,100,0,None
SIH26034-00164,Tang Orange Drink Mix,Adani Wilmar Ltd,"Fortune House, Near Navrangpura Bus Stop, Ahmedabad, Gujarat - 380009",250kg,kg,Rs. 887.83 (Incl. of all taxes),887.83,03/2025,1800-425-6789,grievance@brand.in,India,Rs. 3.55 per kg,MODERATE,Personal Care,COMPLIANT,100,0,None
SIH26034-00165,Dettol Original Soap,Parle Products Pvt. Ltd.,"Parle Products, V.J.T.I. Campus, Matunga, Mumbai - 400019",1000g,g,Rs. 694.57 (Incl. of all taxes),694.57,01/2024,1800-120-3345,support@india.com,India,Rs. 0.69 per g,MODERATE,Dairy Products,COMPLIANT,100,0,None
SIH26034-00166,Colgate MaxFresh Toothpaste,Nestle India Ltd,"100/101, World Trade Centre, Barakhamba Lane, New Delhi - 110001",51N,N,Rs. 392.46 (Incl. of all taxes),392.46,09/2024,1800-267-8900,consumer@brand.com,India,Rs. 7.7 per N,GOOD,Personal Care,COMPLIANT,100,0,None
SIH26034-00167,Vim Dishwash Bar,KRBL Limited,"KRBL Ltd., Post Box No. 3, 5, Community Centre, New Delhi - 110017",750ml,ml,Rs. 147.19 (Incl. of all taxes),147.19,06/2023,1800-120-3345,support@india.com,Manufactured in India,Rs. 0.2 per ml,MODERATE,Food & Beverages,COMPLIANT,100,0,None
SIH26034-00168,Bournvita Health Drink,Parle Products Pvt. Ltd.,Parle Products,2ml,ml,Rs. 41.0 (Incl. of all taxes),41.0,02/2024,1800-120-3345,support@india.com,Manufactured in India,Rs. 20.5 per ml,GOOD,Dairy Products,NON_COMPLIANT,85,1,LM-PC-003: Incomplete address (no PIN/State)
SIH26034-00169,Nescafe Classic Coffee,Hindustan Unilever Ltd,"Unilever House, B.D. Sawant Marg, Chakala, Andheri (E), Mumbai - 400099",5kg,kg,Rs. 968.56 (Incl. of all taxes),968.56,02/2024,1800-120-3345,support@india.com,India,Rs. 193.71 per kg,GOOD,Household Cleaning,COMPLIANT,100,0,None
SIH26034-00170,Fortified Cow Ghee,Nestle India Ltd,"100/101, World Trade Centre, Barakhamba Lane, New Delhi - 110001",57N,N,Rs. 654.88 (Incl. of all taxes),654.88,03/2023,1800-425-6789,grievance@brand.in,India,Rs. 11.49 per N,POOR,Household Cleaning,COMPLIANT,100,0,None
SIH26034-00171,Whole Wheat Atta,Britannia Industries Ltd,"No. 5/1A, Hungerford Street, Kolkata, West Bengal - 700017",5g,g,Rs. 286.28 (Incl. of all taxes),286.28,05/2025,1800-120-3345,support@india.com,India,Rs. 57.26 per g,POOR,Household Cleaning,COMPLIANT,100,0,None
SIH26034-00172,Amul Butter,Britannia Industries Ltd,No. 5/1A,750ml,ml,Rs. 776.17 (Incl. of all taxes),776.17,04/2024,,,India,Rs. 1.03 per ml,POOR,Dairy Products,NON_COMPLIANT,70,2,LM-PC-003: Incomplete address (no PIN/State); LM-PC-007: Missing consumer care contact
SIH26034-00173,Vim Dishwash Bar,Adani Wilmar Ltd,"Fortune House, Near Navrangpura Bus Stop, Ahmedabad, Gujarat - 380009",200l,l,Rs. 971.88 (Incl. of all taxes),971.88,04/2023,1800-425-6789,grievance@brand.in,India,Rs. 4.86 per l,GOOD,Dairy Products,COMPLIANT,100,0,None
SIH26034-00174,,,"100/101, World Trade Centre, Barakhamba Lane, New Delhi - 110001",200l,l,Rs. 990.68 (Incl. of all taxes),990.68,04/2024,1800-425-6789,grievance@brand.in,Made in India,Rs. 4.95 per l,GOOD,Dairy Products,NON_COMPLIANT,65,2,LM-PC-002: Missing manufacturer name; LM-PC-001: Missing product name
SIH26034-00175,Bournvita Health Drink,KRBL Limited,"KRBL Ltd., Post Box No. 3, 5, Community Centre, New Delhi - 110017",100l,l,Rs. 550.52 (Incl. of all taxes),550.52,01/2024,,,India,Rs. 5.51 per l,GOOD,Household Cleaning,NON_COMPLIANT,85,1,LM-PC-007: Missing consumer care contact
SIH26034-00176,Refined Sunflower Oil,Procter & Gamble,"P&G Plaza, Cardinal Gracias Road, Chakala, Andheri East, Mumbai - 400099",95N,N,Rs. 671.86 (Incl. of all taxes),671.86,02/2023,,,India,Rs. 7.07 per N,MODERATE,Food & Beverages,NON_COMPLIANT,85,1,LM-PC-007: Missing consumer care contact
SIH26034-00177,Premium Basmati Rice,ITC Limited,"ITC Limited, Virginia House, 37, J.L. Nehru Road, Kolkata - 700071",5kg,kg,Rs. 665.33 (Incl. of all taxes),665.33,09/2024,1800-120-3345,support@india.com,India,,POOR,Food & Beverages,NON_COMPLIANT,90,1,LM-PC-009: Missing unit sale price
SIH26034-00178,MDH Garam Masala,Adani Wilmar Ltd,"Fortune House, Near Navrangpura Bus Stop, Ahmedabad, Gujarat - 380009",200kg,kg,Rs. 283.45 (Incl. of all taxes),283.45,06/2023,1800-120-3345,support@india.com,,Rs. 1.42 per kg,GOOD,Personal Care,NON_COMPLIANT,85,1,LM-PC-008: Missing country of origin
SIH26034-00179,Kwality Wall's Ice Cream,Adani Wilmar Ltd,"Fortune House, Near Navrangpura Bus Stop, Ahmedabad, Gujarat - 380009",35N,N,Rs. 1159.09 (Incl. of all taxes),1159.09,09/2024,1800-267-8900,consumer@brand.com,Manufactured in India,Rs. 33.12 per N,POOR,Health & Nutrition,COMPLIANT,100,0,None
SIH26034-00180,Ariel Matic Detergent,Amul (GCMMF),"P.O. Box 10, Amul Dairy Road, Anand, Gujarat - 388001",2l,l,Rs. 274.33 (Incl. of all taxes),274.33,06/2024,1800-123-4567,care@company.in,India,Rs. 137.16 per l,MODERATE,Personal Care,COMPLIANT,100,0,None
SIH26034-00181,Tata Salt (Iodized),,"P&G Plaza, Cardinal Gracias Road, Chakala, Andheri East, Mumbai - 400099",1gms,gms,Rs. 919.26,919.26,05/2023,1800-120-3345,support@india.com,India,Rs. 919.26 per l,POOR,Health & Nutrition,NON_COMPLIANT,45,3,LM-PC-005: MRP missing 'inclusive of all taxes' phrase; LM-PC-004: Non-standard unit 'gms'; LM-PC-002: Missing manufacturer name
SIH26034-00182,Maggi 2-Minute Noodles,Britannia Industries Ltd,"No. 5/1A, Hungerford Street, Kolkata, West Bengal - 700017",1l,l,Rs. 498.01 (Incl. of all taxes),498.01,04/2024,1800-267-8900,consumer@brand.com,India,Rs. 498.01 per l,MODERATE,Personal Care,COMPLIANT,100,0,None
SIH26034-00183,Ariel Matic Detergent,Britannia Industries Ltd,"No. 5/1A, Hungerford Street, Kolkata, West Bengal - 700017",500ml,ml,Rs. 803.15,803.15,06/2023,1800-120-3345,support@india.com,India,Rs. 1.61 per ml,MODERATE,Food & Beverages,NON_COMPLIANT,80,1,LM-PC-005: MRP missing 'inclusive of all taxes' phrase
SIH26034-00184,Colgate MaxFresh Toothpaste,,"No. 5/1A, Hungerford Street, Kolkata, West Bengal - 700017",500kg,kg,Rs. 108.58 (Incl. of all taxes),108.58,09/2024,1800-267-8900,consumer@brand.com,India,Rs. 0.22 per kg,GOOD,Dairy Products,NON_COMPLIANT,85,1,LM-PC-002: Missing manufacturer name
SIH26034-00185,,Nestle India Ltd,"100/101, World Trade Centre, Barakhamba Lane, New Delhi - 110001",37N,N,Rs. 170.25 (Incl. of all taxes),170.25,03/2024,1800-267-8900,consumer@brand.com,India,Rs. 4.6 per N,MODERATE,Food & Beverages,NON_COMPLIANT,80,1,LM-PC-001: Missing product name
SIH26034-00186,,,"KRBL Ltd., Post Box No. 3, 5, Community Centre, New Delhi - 110017",80N,N,Rs. 760.39 (Incl. of all taxes),760.39,03/2025,1800-425-6789,grievance@brand.in,India,Rs. 9.5 per N,MODERATE,Dairy Products,NON_COMPLIANT,65,2,LM-PC-001: Missing product name; LM-PC-002: Missing manufacturer name
SIH26034-00187,Ariel Matic Detergent,Procter & Gamble,"P&G Plaza, Cardinal Gracias Road, Chakala, Andheri East, Mumbai - 400099",200l,l,Rs. 158.39 (Incl. of all taxes),158.39,03/2023,1800-425-6789,grievance@brand.in,Made in India,Rs. 0.79 per l,GOOD,Household Cleaning,COMPLIANT,100,0,None
SIH26034-00188,,Nestle India Ltd,"100/101, World Trade Centre, Barakhamba Lane, New Delhi - 110001",750ml,ml,Rs. 152.37 (Incl. of all taxes),152.37,06/2025,1800-120-3345,support@india.com,India,Rs. 0.2 per ml,POOR,Food & Beverages,NON_COMPLIANT,80,1,LM-PC-001: Missing product name
SIH26034-00189,Britannia Good Day Cookies,Nestle India Ltd,"100/101, World Trade Centre, Barakhamba Lane, New Delhi - 110001",750ml,ml,Rs. 906.13 (Incl. of all taxes),906.13,09/2023,1800-120-3345,support@india.com,India,Rs. 1.21 per ml,GOOD,Household Cleaning,COMPLIANT,100,0,None
SIH26034-00190,Kissan Mixed Fruit Jam,Dabur India Ltd,"Dabur India Ltd., 8/3, Asaf Ali Road, New Delhi - 110002",1l,l,Rs. 367.36 (Incl. of all taxes),367.36,03/2024,1800-425-6789,grievance@brand.in,India,Rs. 367.36 per l,GOOD,Personal Care,COMPLIANT,100,0,None
SIH26034-00191,Dettol Original Soap,KRBL Limited,"KRBL Ltd., Post Box No. 3, 5, Community Centre, New Delhi - 110017",2l,l,Rs. 652.79 (Incl. of all taxes),652.79,07/2024,1800-120-3345,support@india.com,India,Rs. 326.39 per l,POOR,Household Cleaning,COMPLIANT,100,0,None
SIH26034-00192,Tang Orange Drink Mix,Procter & Gamble,"P&G Plaza, Cardinal Gracias Road, Chakala, Andheri East, Mumbai - 400099",750ml,ml,Rs. 532.79 (Incl. of all taxes),532.79,01/2025,1800-120-3345,support@india.com,India,Rs. 0.71 per ml,POOR,Household Cleaning,NON_COMPLIANT,90,1,LM-PC-010: Poor label readability
SIH26034-00193,Colgate MaxFresh Toothpaste,Hindustan Unilever Ltd,"Unilever House, B.D. Sawant Marg, Chakala, Andheri (E), Mumbai - 400099",3N,N,Rs. 370.25 (Incl. of all taxes),370.25,01/2024,1800-425-6789,grievance@brand.in,Manufactured in India,Rs. 123.42 per N,GOOD,Dairy Products,COMPLIANT,100,0,None
SIH26034-00194,Britannia Good Day Cookies,Tata Consumer Products,"1 Bishop Lefroy Road, Kolkata, West Bengal - 700020",69N,N,Rs. 1111.81 (Incl. of all taxes),1111.81,12/2024,1800-425-6789,grievance@brand.in,India,Rs. 16.11 per N,GOOD,Food & Beverages,COMPLIANT,100,0,None
SIH26034-00195,Kwality Wall's Ice Cream,Tata Consumer Products,"1 Bishop Lefroy Road, Kolkata, West Bengal - 700020",100ml,ml,Rs. 1073.24 (Incl. of all taxes),1073.24,05/2023,1800-120-3345,support@india.com,India,Rs. 10.73 per ml,GOOD,Personal Care,COMPLIANT,100,0,None
SIH26034-00196,Amul Butter,Adani Wilmar Ltd,"Fortune House, Near Navrangpura Bus Stop, Ahmedabad, Gujarat - 380009",57m,m,Rs. 108.65 (Incl. of all taxes),108.65,11/2024,1800-123-4567,care@company.in,India,Rs. 1.91 per m,GOOD,Household Cleaning,COMPLIANT,100,0,None
SIH26034-00197,Kissan Mixed Fruit Jam,Procter & Gamble,"P&G Plaza, Cardinal Gracias Road, Chakala, Andheri East, Mumbai - 400099",1000kg,kg,Rs. 94.74 (Incl. of all taxes),94.74,02/2023,1800-123-4567,care@company.in,India,Rs. 0.09 per kg,MODERATE,Health & Nutrition,COMPLIANT,100,0,None
SIH26034-00198,Lipton Green Tea,Britannia Industries Ltd,"No. 5/1A, Hungerford Street, Kolkata, West Bengal - 700017",100l,l,Rs. 1038.65 (Incl. of all taxes),1038.65,11/2024,1800-425-6789,grievance@brand.in,India,Rs. 10.39 per l,GOOD,Household Cleaning,COMPLIANT,100,0,None
SIH26034-00199,Nescafe Classic Coffee,Hindustan Unilever Ltd,"Unilever House, B.D. Sawant Marg, Chakala, Andheri (E), Mumbai - 400099",500kg,kg,Rs. 496.6 (Incl. of all taxes),496.6,08/2023,1800-123-4567,care@company.in,India,Rs. 0.99 per kg,MODERATE,Food & Beverages,COMPLIANT,100,0,None
SIH26034-00200,Maggi 2-Minute Noodles,Amul (GCMMF),"P.O. Box 10, Amul Dairy Road, Anand, Gujarat - 388001",5kg,kg,Rs. 279.16 (Incl. of all taxes),279.16,07/2023,1800-120-3345,support@india.com,India,Rs. 55.83 per kg,MODERATE,Health & Nutrition,COMPLIANT,100,0,None
